"years","teamID"
1902,"BLA"
1901,"BLA"
2015,"BAL"
2014,"BAL"
2013,"BAL"
2012,"BAL"
2011,"BAL"
2010,"BAL"
2009,"BAL"
2008,"BAL"
2007,"BAL"
2006,"BAL"
2005,"BAL"
2004,"BAL"
2003,"BAL"
2002,"BAL"
2001,"BAL"
2000,"BAL"
1999,"BAL"
1998,"BAL"
1997,"BAL"
1996,"BAL"
1995,"BAL"
1994,"BAL"
1993,"BAL"
1992,"BAL"
1991,"BAL"
1990,"BAL"
1989,"BAL"
1988,"BAL"
1987,"BAL"
1986,"BAL"
1985,"BAL"
1984,"BAL"
1983,"BAL"
1982,"BAL"
1981,"BAL"
1980,"BAL"
1979,"BAL"
1978,"BAL"
1977,"BAL"
1976,"BAL"
1975,"BAL"
1974,"BAL"
1973,"BAL"
1972,"BAL"
1971,"BAL"
1970,"BAL"
1969,"BAL"
1968,"BAL"
1967,"BAL"
1966,"BAL"
1965,"BAL"
1964,"BAL"
1963,"BAL"
1962,"BAL"
1961,"BAL"
1960,"BAL"
1959,"BAL"
1958,"BAL"
1957,"BAL"
1956,"BAL"
1955,"BAL"
1954,"BAL"
1953,"SLB"
1952,"SLB"
1951,"SLB"
1950,"SLB"
1949,"SLB"
1948,"SLB"
1947,"SLB"
1946,"SLB"
1945,"SLB"
1944,"SLB"
1943,"SLB"
1942,"SLB"
1941,"SLB"
1940,"SLB"
1939,"SLB"
1938,"SLB"
1937,"SLB"
1936,"SLB"
1935,"SLB"
1934,"SLB"
1933,"SLB"
1932,"SLB"
1931,"SLB"
1930,"SLB"
1929,"SLB"
1928,"SLB"
1927,"SLB"
1926,"SLB"
1925,"SLB"
1924,"SLB"
1923,"SLB"
1922,"SLB"
1921,"SLB"
1920,"SLB"
1919,"SLB"
1918,"SLB"
1917,"SLB"
1916,"SLB"
1915,"SLB"
1914,"SLB"
1913,"SLB"
1912,"SLB"
1911,"SLB"
1910,"SLB"
1909,"SLB"
1908,"SLB"
1907,"SLB"
1906,"SLB"
1905,"SLB"
1904,"SLB"
1903,"SLB"
1902,"SLB"
1901,"MLA"
2015,"BOS"
2014,"BOS"
2013,"BOS"
2012,"BOS"
2011,"BOS"
2010,"BOS"
2009,"BOS"
2008,"BOS"
2007,"BOS"
2006,"BOS"
2005,"BOS"
2004,"BOS"
2003,"BOS"
2002,"BOS"
2001,"BOS"
2000,"BOS"
1999,"BOS"
1998,"BOS"
1997,"BOS"
1996,"BOS"
1995,"BOS"
1994,"BOS"
1993,"BOS"
1992,"BOS"
1991,"BOS"
1990,"BOS"
1989,"BOS"
1988,"BOS"
1987,"BOS"
1986,"BOS"
1985,"BOS"
1984,"BOS"
1983,"BOS"
1982,"BOS"
1981,"BOS"
1980,"BOS"
1979,"BOS"
1978,"BOS"
1977,"BOS"
1976,"BOS"
1975,"BOS"
1974,"BOS"
1973,"BOS"
1972,"BOS"
1971,"BOS"
1970,"BOS"
1969,"BOS"
1968,"BOS"
1967,"BOS"
1966,"BOS"
1965,"BOS"
1964,"BOS"
1963,"BOS"
1962,"BOS"
1961,"BOS"
1960,"BOS"
1959,"BOS"
1958,"BOS"
1957,"BOS"
1956,"BOS"
1955,"BOS"
1954,"BOS"
1953,"BOS"
1952,"BOS"
1951,"BOS"
1950,"BOS"
1949,"BOS"
1948,"BOS"
1947,"BOS"
1946,"BOS"
1945,"BOS"
1944,"BOS"
1943,"BOS"
1942,"BOS"
1941,"BOS"
1940,"BOS"
1939,"BOS"
1938,"BOS"
1937,"BOS"
1936,"BOS"
1935,"BOS"
1934,"BOS"
1933,"BOS"
1932,"BOS"
1931,"BOS"
1930,"BOS"
1929,"BOS"
1928,"BOS"
1927,"BOS"
1926,"BOS"
1925,"BOS"
1924,"BOS"
1923,"BOS"
1922,"BOS"
1921,"BOS"
1920,"BOS"
1919,"BOS"
1918,"BOS"
1917,"BOS"
1916,"BOS"
1915,"BOS"
1914,"BOS"
1913,"BOS"
1912,"BOS"
1911,"BOS"
1910,"BOS"
1909,"BOS"
1908,"BOS"
1907,"BOS"
1906,"BOS"
1905,"BOS"
1904,"BOS"
1903,"BOS"
1902,"BOS"
1901,"BOS"
2015,"CHW"
2014,"CHW"
2013,"CHW"
2012,"CHW"
2011,"CHW"
2010,"CHW"
2009,"CHW"
2008,"CHW"
2007,"CHW"
2006,"CHW"
2005,"CHW"
2004,"CHW"
2003,"CHW"
2002,"CHW"
2001,"CHW"
2000,"CHW"
1999,"CHW"
1998,"CHW"
1997,"CHW"
1996,"CHW"
1995,"CHW"
1994,"CHW"
1993,"CHW"
1992,"CHW"
1991,"CHW"
1990,"CHW"
1989,"CHW"
1988,"CHW"
1987,"CHW"
1986,"CHW"
1985,"CHW"
1984,"CHW"
1983,"CHW"
1982,"CHW"
1981,"CHW"
1980,"CHW"
1979,"CHW"
1978,"CHW"
1977,"CHW"
1976,"CHW"
1975,"CHW"
1974,"CHW"
1973,"CHW"
1972,"CHW"
1971,"CHW"
1970,"CHW"
1969,"CHW"
1968,"CHW"
1967,"CHW"
1966,"CHW"
1965,"CHW"
1964,"CHW"
1963,"CHW"
1962,"CHW"
1961,"CHW"
1960,"CHW"
1959,"CHW"
1958,"CHW"
1957,"CHW"
1956,"CHW"
1955,"CHW"
1954,"CHW"
1953,"CHW"
1952,"CHW"
1951,"CHW"
1950,"CHW"
1949,"CHW"
1948,"CHW"
1947,"CHW"
1946,"CHW"
1945,"CHW"
1944,"CHW"
1943,"CHW"
1942,"CHW"
1941,"CHW"
1940,"CHW"
1939,"CHW"
1938,"CHW"
1937,"CHW"
1936,"CHW"
1935,"CHW"
1934,"CHW"
1933,"CHW"
1932,"CHW"
1931,"CHW"
1930,"CHW"
1929,"CHW"
1928,"CHW"
1927,"CHW"
1926,"CHW"
1925,"CHW"
1924,"CHW"
1923,"CHW"
1922,"CHW"
1921,"CHW"
1920,"CHW"
1919,"CHW"
1918,"CHW"
1917,"CHW"
1916,"CHW"
1915,"CHW"
1914,"CHW"
1913,"CHW"
1912,"CHW"
1911,"CHW"
1910,"CHW"
1909,"CHW"
1908,"CHW"
1907,"CHW"
1906,"CHW"
1905,"CHW"
1904,"CHW"
1903,"CHW"
1902,"CHW"
1901,"CHW"
2015,"CLE"
2014,"CLE"
2013,"CLE"
2012,"CLE"
2011,"CLE"
2010,"CLE"
2009,"CLE"
2008,"CLE"
2007,"CLE"
2006,"CLE"
2005,"CLE"
2004,"CLE"
2003,"CLE"
2002,"CLE"
2001,"CLE"
2000,"CLE"
1999,"CLE"
1998,"CLE"
1997,"CLE"
1996,"CLE"
1995,"CLE"
1994,"CLE"
1993,"CLE"
1992,"CLE"
1991,"CLE"
1990,"CLE"
1989,"CLE"
1988,"CLE"
1987,"CLE"
1986,"CLE"
1985,"CLE"
1984,"CLE"
1983,"CLE"
1982,"CLE"
1981,"CLE"
1980,"CLE"
1979,"CLE"
1978,"CLE"
1977,"CLE"
1976,"CLE"
1975,"CLE"
1974,"CLE"
1973,"CLE"
1972,"CLE"
1971,"CLE"
1970,"CLE"
1969,"CLE"
1968,"CLE"
1967,"CLE"
1966,"CLE"
1965,"CLE"
1964,"CLE"
1963,"CLE"
1962,"CLE"
1961,"CLE"
1960,"CLE"
1959,"CLE"
1958,"CLE"
1957,"CLE"
1956,"CLE"
1955,"CLE"
1954,"CLE"
1953,"CLE"
1952,"CLE"
1951,"CLE"
1950,"CLE"
1949,"CLE"
1948,"CLE"
1947,"CLE"
1946,"CLE"
1945,"CLE"
1944,"CLE"
1943,"CLE"
1942,"CLE"
1941,"CLE"
1940,"CLE"
1939,"CLE"
1938,"CLE"
1937,"CLE"
1936,"CLE"
1935,"CLE"
1934,"CLE"
1933,"CLE"
1932,"CLE"
1931,"CLE"
1930,"CLE"
1929,"CLE"
1928,"CLE"
1927,"CLE"
1926,"CLE"
1925,"CLE"
1924,"CLE"
1923,"CLE"
1922,"CLE"
1921,"CLE"
1920,"CLE"
1919,"CLE"
1918,"CLE"
1917,"CLE"
1916,"CLE"
1915,"CLE"
1914,"CLE"
1913,"CLE"
1912,"CLE"
1911,"CLE"
1910,"CLE"
1909,"CLE"
1908,"CLE"
1907,"CLE"
1906,"CLE"
1905,"CLE"
1904,"CLE"
1903,"CLE"
1902,"CLE"
1901,"CLE"
2015,"DET"
2014,"DET"
2013,"DET"
2012,"DET"
2011,"DET"
2010,"DET"
2009,"DET"
2008,"DET"
2007,"DET"
2006,"DET"
2005,"DET"
2004,"DET"
2003,"DET"
2002,"DET"
2001,"DET"
2000,"DET"
1999,"DET"
1998,"DET"
1997,"DET"
1996,"DET"
1995,"DET"
1994,"DET"
1993,"DET"
1992,"DET"
1991,"DET"
1990,"DET"
1989,"DET"
1988,"DET"
1987,"DET"
1986,"DET"
1985,"DET"
1984,"DET"
1983,"DET"
1982,"DET"
1981,"DET"
1980,"DET"
1979,"DET"
1978,"DET"
1977,"DET"
1976,"DET"
1975,"DET"
1974,"DET"
1973,"DET"
1972,"DET"
1971,"DET"
1970,"DET"
1969,"DET"
1968,"DET"
1967,"DET"
1966,"DET"
1965,"DET"
1964,"DET"
1963,"DET"
1962,"DET"
1961,"DET"
1960,"DET"
1959,"DET"
1958,"DET"
1957,"DET"
1956,"DET"
1955,"DET"
1954,"DET"
1953,"DET"
1952,"DET"
1951,"DET"
1950,"DET"
1949,"DET"
1948,"DET"
1947,"DET"
1946,"DET"
1945,"DET"
1944,"DET"
1943,"DET"
1942,"DET"
1941,"DET"
1940,"DET"
1939,"DET"
1938,"DET"
1937,"DET"
1936,"DET"
1935,"DET"
1934,"DET"
1933,"DET"
1932,"DET"
1931,"DET"
1930,"DET"
1929,"DET"
1928,"DET"
1927,"DET"
1926,"DET"
1925,"DET"
1924,"DET"
1923,"DET"
1922,"DET"
1921,"DET"
1920,"DET"
1919,"DET"
1918,"DET"
1917,"DET"
1916,"DET"
1915,"DET"
1914,"DET"
1913,"DET"
1912,"DET"
1911,"DET"
1910,"DET"
1909,"DET"
1908,"DET"
1907,"DET"
1906,"DET"
1905,"DET"
1904,"DET"
1903,"DET"
1902,"DET"
1901,"DET"
2015,"HOU"
2014,"HOU"
2013,"HOU"
2012,"HOU"
2011,"HOU"
2010,"HOU"
2009,"HOU"
2008,"HOU"
2007,"HOU"
2006,"HOU"
2005,"HOU"
2004,"HOU"
2003,"HOU"
2002,"HOU"
2001,"HOU"
2000,"HOU"
1999,"HOU"
1998,"HOU"
1997,"HOU"
1996,"HOU"
1995,"HOU"
1994,"HOU"
1993,"HOU"
1992,"HOU"
1991,"HOU"
1990,"HOU"
1989,"HOU"
1988,"HOU"
1987,"HOU"
1986,"HOU"
1985,"HOU"
1984,"HOU"
1983,"HOU"
1982,"HOU"
1981,"HOU"
1980,"HOU"
1979,"HOU"
1978,"HOU"
1977,"HOU"
1976,"HOU"
1975,"HOU"
1974,"HOU"
1973,"HOU"
1972,"HOU"
1971,"HOU"
1970,"HOU"
1969,"HOU"
1968,"HOU"
1967,"HOU"
1966,"HOU"
1965,"HOU"
1964,"HOU"
1963,"HOU"
1962,"HOU"
2015,"KCR"
2014,"KCR"
2013,"KCR"
2012,"KCR"
2011,"KCR"
2010,"KCR"
2009,"KCR"
2008,"KCR"
2007,"KCR"
2006,"KCR"
2005,"KCR"
2004,"KCR"
2003,"KCR"
2002,"KCR"
2001,"KCR"
2000,"KCR"
1999,"KCR"
1998,"KCR"
1997,"KCR"
1996,"KCR"
1995,"KCR"
1994,"KCR"
1993,"KCR"
1992,"KCR"
1991,"KCR"
1990,"KCR"
1989,"KCR"
1988,"KCR"
1987,"KCR"
1986,"KCR"
1985,"KCR"
1984,"KCR"
1983,"KCR"
1982,"KCR"
1981,"KCR"
1980,"KCR"
1979,"KCR"
1978,"KCR"
1977,"KCR"
1976,"KCR"
1975,"KCR"
1974,"KCR"
1973,"KCR"
1972,"KCR"
1971,"KCR"
1970,"KCR"
1969,"KCR"
2015,"LAA"
2014,"LAA"
2013,"LAA"
2012,"LAA"
2011,"LAA"
2010,"LAA"
2009,"LAA"
2008,"LAA"
2007,"LAA"
2006,"LAA"
2005,"LAA"
2004,"ANA"
2003,"ANA"
2002,"ANA"
2001,"ANA"
2000,"ANA"
1999,"ANA"
1998,"ANA"
1997,"ANA"
1996,"CAL"
1995,"CAL"
1994,"CAL"
1993,"CAL"
1992,"CAL"
1991,"CAL"
1990,"CAL"
1989,"CAL"
1988,"CAL"
1987,"CAL"
1986,"CAL"
1985,"CAL"
1984,"CAL"
1983,"CAL"
1982,"CAL"
1981,"CAL"
1980,"CAL"
1979,"CAL"
1978,"CAL"
1977,"CAL"
1976,"CAL"
1975,"CAL"
1974,"CAL"
1973,"CAL"
1972,"CAL"
1971,"CAL"
1970,"CAL"
1969,"CAL"
1968,"CAL"
1967,"CAL"
1966,"CAL"
1965,"CAL"
1964,"LAA"
1963,"LAA"
1962,"LAA"
1961,"LAA"
2015,"MIL"
2014,"MIL"
2013,"MIL"
2012,"MIL"
2011,"MIL"
2010,"MIL"
2009,"MIL"
2008,"MIL"
2007,"MIL"
2006,"MIL"
2005,"MIL"
2004,"MIL"
2003,"MIL"
2002,"MIL"
2001,"MIL"
2000,"MIL"
1999,"MIL"
1998,"MIL"
1997,"MIL"
1996,"MIL"
1995,"MIL"
1994,"MIL"
1993,"MIL"
1992,"MIL"
1991,"MIL"
1990,"MIL"
1989,"MIL"
1988,"MIL"
1987,"MIL"
1986,"MIL"
1985,"MIL"
1984,"MIL"
1983,"MIL"
1982,"MIL"
1981,"MIL"
1980,"MIL"
1979,"MIL"
1978,"MIL"
1977,"MIL"
1976,"MIL"
1975,"MIL"
1974,"MIL"
1973,"MIL"
1972,"MIL"
1971,"MIL"
1970,"MIL"
1969,"SEP"
2015,"MIN"
2014,"MIN"
2013,"MIN"
2012,"MIN"
2011,"MIN"
2010,"MIN"
2009,"MIN"
2008,"MIN"
2007,"MIN"
2006,"MIN"
2005,"MIN"
2004,"MIN"
2003,"MIN"
2002,"MIN"
2001,"MIN"
2000,"MIN"
1999,"MIN"
1998,"MIN"
1997,"MIN"
1996,"MIN"
1995,"MIN"
1994,"MIN"
1993,"MIN"
1992,"MIN"
1991,"MIN"
1990,"MIN"
1989,"MIN"
1988,"MIN"
1987,"MIN"
1986,"MIN"
1985,"MIN"
1984,"MIN"
1983,"MIN"
1982,"MIN"
1981,"MIN"
1980,"MIN"
1979,"MIN"
1978,"MIN"
1977,"MIN"
1976,"MIN"
1975,"MIN"
1974,"MIN"
1973,"MIN"
1972,"MIN"
1971,"MIN"
1970,"MIN"
1969,"MIN"
1968,"MIN"
1967,"MIN"
1966,"MIN"
1965,"MIN"
1964,"MIN"
1963,"MIN"
1962,"MIN"
1961,"MIN"
1960,"WSH"
1959,"WSH"
1958,"WSH"
1957,"WSH"
1956,"WSH"
1955,"WSH"
1954,"WSH"
1953,"WSH"
1952,"WSH"
1951,"WSH"
1950,"WSH"
1949,"WSH"
1948,"WSH"
1947,"WSH"
1946,"WSH"
1945,"WSH"
1944,"WSH"
1943,"WSH"
1942,"WSH"
1941,"WSH"
1940,"WSH"
1939,"WSH"
1938,"WSH"
1937,"WSH"
1936,"WSH"
1935,"WSH"
1934,"WSH"
1933,"WSH"
1932,"WSH"
1931,"WSH"
1930,"WSH"
1929,"WSH"
1928,"WSH"
1927,"WSH"
1926,"WSH"
1925,"WSH"
1924,"WSH"
1923,"WSH"
1922,"WSH"
1921,"WSH"
1920,"WSH"
1919,"WSH"
1918,"WSH"
1917,"WSH"
1916,"WSH"
1915,"WSH"
1914,"WSH"
1913,"WSH"
1912,"WSH"
1911,"WSH"
1910,"WSH"
1909,"WSH"
1908,"WSH"
1907,"WSH"
1906,"WSH"
1905,"WSH"
1904,"WSH"
1903,"WSH"
1902,"WSH"
1901,"WSH"
2015,"NYY"
2014,"NYY"
2013,"NYY"
2012,"NYY"
2011,"NYY"
2010,"NYY"
2009,"NYY"
2008,"NYY"
2007,"NYY"
2006,"NYY"
2005,"NYY"
2004,"NYY"
2003,"NYY"
2002,"NYY"
2001,"NYY"
2000,"NYY"
1999,"NYY"
1998,"NYY"
1997,"NYY"
1996,"NYY"
1995,"NYY"
1994,"NYY"
1993,"NYY"
1992,"NYY"
1991,"NYY"
1990,"NYY"
1989,"NYY"
1988,"NYY"
1987,"NYY"
1986,"NYY"
1985,"NYY"
1984,"NYY"
1983,"NYY"
1982,"NYY"
1981,"NYY"
1980,"NYY"
1979,"NYY"
1978,"NYY"
1977,"NYY"
1976,"NYY"
1975,"NYY"
1974,"NYY"
1973,"NYY"
1972,"NYY"
1971,"NYY"
1970,"NYY"
1969,"NYY"
1968,"NYY"
1967,"NYY"
1966,"NYY"
1965,"NYY"
1964,"NYY"
1963,"NYY"
1962,"NYY"
1961,"NYY"
1960,"NYY"
1959,"NYY"
1958,"NYY"
1957,"NYY"
1956,"NYY"
1955,"NYY"
1954,"NYY"
1953,"NYY"
1952,"NYY"
1951,"NYY"
1950,"NYY"
1949,"NYY"
1948,"NYY"
1947,"NYY"
1946,"NYY"
1945,"NYY"
1944,"NYY"
1943,"NYY"
1942,"NYY"
1941,"NYY"
1940,"NYY"
1939,"NYY"
1938,"NYY"
1937,"NYY"
1936,"NYY"
1935,"NYY"
1934,"NYY"
1933,"NYY"
1932,"NYY"
1931,"NYY"
1930,"NYY"
1929,"NYY"
1928,"NYY"
1927,"NYY"
1926,"NYY"
1925,"NYY"
1924,"NYY"
1923,"NYY"
1922,"NYY"
1921,"NYY"
1920,"NYY"
1919,"NYY"
1918,"NYY"
1917,"NYY"
1916,"NYY"
1915,"NYY"
1914,"NYY"
1913,"NYY"
1912,"NYY"
1911,"NYY"
1910,"NYY"
1909,"NYY"
1908,"NYY"
1907,"NYY"
1906,"NYY"
1905,"NYY"
1904,"NYY"
1903,"NYY"
2015,"OAK"
2014,"OAK"
2013,"OAK"
2012,"OAK"
2011,"OAK"
2010,"OAK"
2009,"OAK"
2008,"OAK"
2007,"OAK"
2006,"OAK"
2005,"OAK"
2004,"OAK"
2003,"OAK"
2002,"OAK"
2001,"OAK"
2000,"OAK"
1999,"OAK"
1998,"OAK"
1997,"OAK"
1996,"OAK"
1995,"OAK"
1994,"OAK"
1993,"OAK"
1992,"OAK"
1991,"OAK"
1990,"OAK"
1989,"OAK"
1988,"OAK"
1987,"OAK"
1986,"OAK"
1985,"OAK"
1984,"OAK"
1983,"OAK"
1982,"OAK"
1981,"OAK"
1980,"OAK"
1979,"OAK"
1978,"OAK"
1977,"OAK"
1976,"OAK"
1975,"OAK"
1974,"OAK"
1973,"OAK"
1972,"OAK"
1971,"OAK"
1970,"OAK"
1969,"OAK"
1968,"OAK"
1967,"KCA"
1966,"KCA"
1965,"KCA"
1964,"KCA"
1963,"KCA"
1962,"KCA"
1961,"KCA"
1960,"KCA"
1959,"KCA"
1958,"KCA"
1957,"KCA"
1956,"KCA"
1955,"KCA"
1954,"PHA"
1953,"PHA"
1952,"PHA"
1951,"PHA"
1950,"PHA"
1949,"PHA"
1948,"PHA"
1947,"PHA"
1946,"PHA"
1945,"PHA"
1944,"PHA"
1943,"PHA"
1942,"PHA"
1941,"PHA"
1940,"PHA"
1939,"PHA"
1938,"PHA"
1937,"PHA"
1936,"PHA"
1935,"PHA"
1934,"PHA"
1933,"PHA"
1932,"PHA"
1931,"PHA"
1930,"PHA"
1929,"PHA"
1928,"PHA"
1927,"PHA"
1926,"PHA"
1925,"PHA"
1924,"PHA"
1923,"PHA"
1922,"PHA"
1921,"PHA"
1920,"PHA"
1919,"PHA"
1918,"PHA"
1917,"PHA"
1916,"PHA"
1915,"PHA"
1914,"PHA"
1913,"PHA"
1912,"PHA"
1911,"PHA"
1910,"PHA"
1909,"PHA"
1908,"PHA"
1907,"PHA"
1906,"PHA"
1905,"PHA"
1904,"PHA"
1903,"PHA"
1902,"PHA"
1901,"PHA"
2015,"SEA"
2014,"SEA"
2013,"SEA"
2012,"SEA"
2011,"SEA"
2010,"SEA"
2009,"SEA"
2008,"SEA"
2007,"SEA"
2006,"SEA"
2005,"SEA"
2004,"SEA"
2003,"SEA"
2002,"SEA"
2001,"SEA"
2000,"SEA"
1999,"SEA"
1998,"SEA"
1997,"SEA"
1996,"SEA"
1995,"SEA"
1994,"SEA"
1993,"SEA"
1992,"SEA"
1991,"SEA"
1990,"SEA"
1989,"SEA"
1988,"SEA"
1987,"SEA"
1986,"SEA"
1985,"SEA"
1984,"SEA"
1983,"SEA"
1982,"SEA"
1981,"SEA"
1980,"SEA"
1979,"SEA"
1978,"SEA"
1977,"SEA"
2015,"TBR"
2014,"TBR"
2013,"TBR"
2012,"TBR"
2011,"TBR"
2010,"TBR"
2009,"TBR"
2008,"TBR"
2007,"TBD"
2006,"TBD"
2005,"TBD"
2004,"TBD"
2003,"TBD"
2002,"TBD"
2001,"TBD"
2000,"TBD"
1999,"TBD"
1998,"TBD"
2015,"TEX"
2014,"TEX"
2013,"TEX"
2012,"TEX"
2011,"TEX"
2010,"TEX"
2009,"TEX"
2008,"TEX"
2007,"TEX"
2006,"TEX"
2005,"TEX"
2004,"TEX"
2003,"TEX"
2002,"TEX"
2001,"TEX"
2000,"TEX"
1999,"TEX"
1998,"TEX"
1997,"TEX"
1996,"TEX"
1995,"TEX"
1994,"TEX"
1993,"TEX"
1992,"TEX"
1991,"TEX"
1990,"TEX"
1989,"TEX"
1988,"TEX"
1987,"TEX"
1986,"TEX"
1985,"TEX"
1984,"TEX"
1983,"TEX"
1982,"TEX"
1981,"TEX"
1980,"TEX"
1979,"TEX"
1978,"TEX"
1977,"TEX"
1976,"TEX"
1975,"TEX"
1974,"TEX"
1973,"TEX"
1972,"TEX"
1971,"WSA"
1970,"WSA"
1969,"WSA"
1968,"WSA"
1967,"WSA"
1966,"WSA"
1965,"WSA"
1964,"WSA"
1963,"WSA"
1962,"WSA"
1961,"WSA"
2015,"TOR"
2014,"TOR"
2013,"TOR"
2012,"TOR"
2011,"TOR"
2010,"TOR"
2009,"TOR"
2008,"TOR"
2007,"TOR"
2006,"TOR"
2005,"TOR"
2004,"TOR"
2003,"TOR"
2002,"TOR"
2001,"TOR"
2000,"TOR"
1999,"TOR"
1998,"TOR"
1997,"TOR"
1996,"TOR"
1995,"TOR"
1994,"TOR"
1993,"TOR"
1992,"TOR"
1991,"TOR"
1990,"TOR"
1989,"TOR"
1988,"TOR"
1987,"TOR"
1986,"TOR"
1985,"TOR"
1984,"TOR"
1983,"TOR"
1982,"TOR"
1981,"TOR"
1980,"TOR"
1979,"TOR"
1978,"TOR"
1977,"TOR"
2015,"ARI"
2014,"ARI"
2013,"ARI"
2012,"ARI"
2011,"ARI"
2010,"ARI"
2009,"ARI"
2008,"ARI"
2007,"ARI"
2006,"ARI"
2005,"ARI"
2004,"ARI"
2003,"ARI"
2002,"ARI"
2001,"ARI"
2000,"ARI"
1999,"ARI"
1998,"ARI"
2015,"ATL"
2014,"ATL"
2013,"ATL"
2012,"ATL"
2011,"ATL"
2010,"ATL"
2009,"ATL"
2008,"ATL"
2007,"ATL"
2006,"ATL"
2005,"ATL"
2004,"ATL"
2003,"ATL"
2002,"ATL"
2001,"ATL"
2000,"ATL"
1999,"ATL"
1998,"ATL"
1997,"ATL"
1996,"ATL"
1995,"ATL"
1994,"ATL"
1993,"ATL"
1992,"ATL"
1991,"ATL"
1990,"ATL"
1989,"ATL"
1988,"ATL"
1987,"ATL"
1986,"ATL"
1985,"ATL"
1984,"ATL"
1983,"ATL"
1982,"ATL"
1981,"ATL"
1980,"ATL"
1979,"ATL"
1978,"ATL"
1977,"ATL"
1976,"ATL"
1975,"ATL"
1974,"ATL"
1973,"ATL"
1972,"ATL"
1971,"ATL"
1970,"ATL"
1969,"ATL"
1968,"ATL"
1967,"ATL"
1966,"ATL"
1965,"MLN"
1964,"MLN"
1963,"MLN"
1962,"MLN"
1961,"MLN"
1960,"MLN"
1959,"MLN"
1958,"MLN"
1957,"MLN"
1956,"MLN"
1955,"MLN"
1954,"MLN"
1953,"MLN"
1952,"BSN"
1951,"BSN"
1950,"BSN"
1949,"BSN"
1948,"BSN"
1947,"BSN"
1946,"BSN"
1945,"BSN"
1944,"BSN"
1943,"BSN"
1942,"BSN"
1941,"BSN"
1940,"BSN"
1939,"BSN"
1938,"BSN"
1937,"BSN"
1936,"BSN"
1935,"BSN"
1934,"BSN"
1933,"BSN"
1932,"BSN"
1931,"BSN"
1930,"BSN"
1929,"BSN"
1928,"BSN"
1927,"BSN"
1926,"BSN"
1925,"BSN"
1924,"BSN"
1923,"BSN"
1922,"BSN"
1921,"BSN"
1920,"BSN"
1919,"BSN"
1918,"BSN"
1917,"BSN"
1916,"BSN"
1915,"BSN"
1914,"BSN"
1913,"BSN"
1912,"BSN"
1911,"BSN"
1910,"BSN"
1909,"BSN"
1908,"BSN"
1907,"BSN"
1906,"BSN"
1905,"BSN"
1904,"BSN"
1903,"BSN"
1902,"BSN"
1901,"BSN"
1900,"BSN"
1899,"BSN"
1898,"BSN"
1897,"BSN"
1896,"BSN"
1895,"BSN"
1894,"BSN"
1893,"BSN"
1892,"BSN"
1891,"BSN"
1890,"BSN"
1889,"BSN"
1888,"BSN"
1887,"BSN"
1886,"BSN"
1885,"BSN"
1884,"BSN"
1883,"BSN"
1882,"BSN"
1881,"BSN"
1880,"BSN"
1879,"BSN"
1878,"BSN"
1877,"BSN"
1876,"BSN"
2015,"CHC"
2014,"CHC"
2013,"CHC"
2012,"CHC"
2011,"CHC"
2010,"CHC"
2009,"CHC"
2008,"CHC"
2007,"CHC"
2006,"CHC"
2005,"CHC"
2004,"CHC"
2003,"CHC"
2002,"CHC"
2001,"CHC"
2000,"CHC"
1999,"CHC"
1998,"CHC"
1997,"CHC"
1996,"CHC"
1995,"CHC"
1994,"CHC"
1993,"CHC"
1992,"CHC"
1991,"CHC"
1990,"CHC"
1989,"CHC"
1988,"CHC"
1987,"CHC"
1986,"CHC"
1985,"CHC"
1984,"CHC"
1983,"CHC"
1982,"CHC"
1981,"CHC"
1980,"CHC"
1979,"CHC"
1978,"CHC"
1977,"CHC"
1976,"CHC"
1975,"CHC"
1974,"CHC"
1973,"CHC"
1972,"CHC"
1971,"CHC"
1970,"CHC"
1969,"CHC"
1968,"CHC"
1967,"CHC"
1966,"CHC"
1965,"CHC"
1964,"CHC"
1963,"CHC"
1962,"CHC"
1961,"CHC"
1960,"CHC"
1959,"CHC"
1958,"CHC"
1957,"CHC"
1956,"CHC"
1955,"CHC"
1954,"CHC"
1953,"CHC"
1952,"CHC"
1951,"CHC"
1950,"CHC"
1949,"CHC"
1948,"CHC"
1947,"CHC"
1946,"CHC"
1945,"CHC"
1944,"CHC"
1943,"CHC"
1942,"CHC"
1941,"CHC"
1940,"CHC"
1939,"CHC"
1938,"CHC"
1937,"CHC"
1936,"CHC"
1935,"CHC"
1934,"CHC"
1933,"CHC"
1932,"CHC"
1931,"CHC"
1930,"CHC"
1929,"CHC"
1928,"CHC"
1927,"CHC"
1926,"CHC"
1925,"CHC"
1924,"CHC"
1923,"CHC"
1922,"CHC"
1921,"CHC"
1920,"CHC"
1919,"CHC"
1918,"CHC"
1917,"CHC"
1916,"CHC"
1915,"CHC"
1914,"CHC"
1913,"CHC"
1912,"CHC"
1911,"CHC"
1910,"CHC"
1909,"CHC"
1908,"CHC"
1907,"CHC"
1906,"CHC"
1905,"CHC"
1904,"CHC"
1903,"CHC"
1902,"CHC"
1901,"CHC"
1900,"CHC"
1899,"CHC"
1898,"CHC"
1897,"CHC"
1896,"CHC"
1895,"CHC"
1894,"CHC"
1893,"CHC"
1892,"CHC"
1891,"CHC"
1890,"CHC"
1889,"CHC"
1888,"CHC"
1887,"CHC"
1886,"CHC"
1885,"CHC"
1884,"CHC"
1883,"CHC"
1882,"CHC"
1881,"CHC"
1880,"CHC"
1879,"CHC"
1878,"CHC"
1877,"CHC"
1876,"CHC"
2015,"CIN"
2014,"CIN"
2013,"CIN"
2012,"CIN"
2011,"CIN"
2010,"CIN"
2009,"CIN"
2008,"CIN"
2007,"CIN"
2006,"CIN"
2005,"CIN"
2004,"CIN"
2003,"CIN"
2002,"CIN"
2001,"CIN"
2000,"CIN"
1999,"CIN"
1998,"CIN"
1997,"CIN"
1996,"CIN"
1995,"CIN"
1994,"CIN"
1993,"CIN"
1992,"CIN"
1991,"CIN"
1990,"CIN"
1989,"CIN"
1988,"CIN"
1987,"CIN"
1986,"CIN"
1985,"CIN"
1984,"CIN"
1983,"CIN"
1982,"CIN"
1981,"CIN"
1980,"CIN"
1979,"CIN"
1978,"CIN"
1977,"CIN"
1976,"CIN"
1975,"CIN"
1974,"CIN"
1973,"CIN"
1972,"CIN"
1971,"CIN"
1970,"CIN"
1969,"CIN"
1968,"CIN"
1967,"CIN"
1966,"CIN"
1965,"CIN"
1964,"CIN"
1963,"CIN"
1962,"CIN"
1961,"CIN"
1960,"CIN"
1959,"CIN"
1958,"CIN"
1957,"CIN"
1956,"CIN"
1955,"CIN"
1954,"CIN"
1953,"CIN"
1952,"CIN"
1951,"CIN"
1950,"CIN"
1949,"CIN"
1948,"CIN"
1947,"CIN"
1946,"CIN"
1945,"CIN"
1944,"CIN"
1943,"CIN"
1942,"CIN"
1941,"CIN"
1940,"CIN"
1939,"CIN"
1938,"CIN"
1937,"CIN"
1936,"CIN"
1935,"CIN"
1934,"CIN"
1933,"CIN"
1932,"CIN"
1931,"CIN"
1930,"CIN"
1929,"CIN"
1928,"CIN"
1927,"CIN"
1926,"CIN"
1925,"CIN"
1924,"CIN"
1923,"CIN"
1922,"CIN"
1921,"CIN"
1920,"CIN"
1919,"CIN"
1918,"CIN"
1917,"CIN"
1916,"CIN"
1915,"CIN"
1914,"CIN"
1913,"CIN"
1912,"CIN"
1911,"CIN"
1910,"CIN"
1909,"CIN"
1908,"CIN"
1907,"CIN"
1906,"CIN"
1905,"CIN"
1904,"CIN"
1903,"CIN"
1902,"CIN"
1901,"CIN"
1900,"CIN"
1899,"CIN"
1898,"CIN"
1897,"CIN"
1896,"CIN"
1895,"CIN"
1894,"CIN"
1893,"CIN"
1892,"CIN"
1891,"CIN"
1890,"CIN"
1889,"CIN"
1888,"CIN"
1887,"CIN"
1886,"CIN"
1885,"CIN"
1884,"CIN"
1883,"CIN"
1882,"CIN"
2015,"COL"
2014,"COL"
2013,"COL"
2012,"COL"
2011,"COL"
2010,"COL"
2009,"COL"
2008,"COL"
2007,"COL"
2006,"COL"
2005,"COL"
2004,"COL"
2003,"COL"
2002,"COL"
2001,"COL"
2000,"COL"
1999,"COL"
1998,"COL"
1997,"COL"
1996,"COL"
1995,"COL"
1994,"COL"
1993,"COL"
2015,"LAD"
2014,"LAD"
2013,"LAD"
2012,"LAD"
2011,"LAD"
2010,"LAD"
2009,"LAD"
2008,"LAD"
2007,"LAD"
2006,"LAD"
2005,"LAD"
2004,"LAD"
2003,"LAD"
2002,"LAD"
2001,"LAD"
2000,"LAD"
1999,"LAD"
1998,"LAD"
1997,"LAD"
1996,"LAD"
1995,"LAD"
1994,"LAD"
1993,"LAD"
1992,"LAD"
1991,"LAD"
1990,"LAD"
1989,"LAD"
1988,"LAD"
1987,"LAD"
1986,"LAD"
1985,"LAD"
1984,"LAD"
1983,"LAD"
1982,"LAD"
1981,"LAD"
1980,"LAD"
1979,"LAD"
1978,"LAD"
1977,"LAD"
1976,"LAD"
1975,"LAD"
1974,"LAD"
1973,"LAD"
1972,"LAD"
1971,"LAD"
1970,"LAD"
1969,"LAD"
1968,"LAD"
1967,"LAD"
1966,"LAD"
1965,"LAD"
1964,"LAD"
1963,"LAD"
1962,"LAD"
1961,"LAD"
1960,"LAD"
1959,"LAD"
1958,"LAD"
1957,"BRO"
1956,"BRO"
1955,"BRO"
1954,"BRO"
1953,"BRO"
1952,"BRO"
1951,"BRO"
1950,"BRO"
1949,"BRO"
1948,"BRO"
1947,"BRO"
1946,"BRO"
1945,"BRO"
1944,"BRO"
1943,"BRO"
1942,"BRO"
1941,"BRO"
1940,"BRO"
1939,"BRO"
1938,"BRO"
1937,"BRO"
1936,"BRO"
1935,"BRO"
1934,"BRO"
1933,"BRO"
1932,"BRO"
1931,"BRO"
1930,"BRO"
1929,"BRO"
1928,"BRO"
1927,"BRO"
1926,"BRO"
1925,"BRO"
1924,"BRO"
1923,"BRO"
1922,"BRO"
1921,"BRO"
1920,"BRO"
1919,"BRO"
1918,"BRO"
1917,"BRO"
1916,"BRO"
1915,"BRO"
1914,"BRO"
1913,"BRO"
1912,"BRO"
1911,"BRO"
1910,"BRO"
1909,"BRO"
1908,"BRO"
1907,"BRO"
1906,"BRO"
1905,"BRO"
1904,"BRO"
1903,"BRO"
1902,"BRO"
1901,"BRO"
1900,"BRO"
1899,"BRO"
1898,"BRO"
1897,"BRO"
1896,"BRO"
1895,"BRO"
1894,"BRO"
1893,"BRO"
1892,"BRO"
1891,"BRO"
1890,"BRO"
1889,"BRO"
1888,"BRO"
1887,"BRO"
1886,"BRO"
1885,"BRO"
1884,"BRO"
2015,"MIA"
2014,"MIA"
2013,"MIA"
2012,"MIA"
2011,"FLA"
2010,"FLA"
2009,"FLA"
2008,"FLA"
2007,"FLA"
2006,"FLA"
2005,"FLA"
2004,"FLA"
2003,"FLA"
2002,"FLA"
2001,"FLA"
2000,"FLA"
1999,"FLA"
1998,"FLA"
1997,"FLA"
1996,"FLA"
1995,"FLA"
1994,"FLA"
1993,"FLA"
2015,"NYM"
2014,"NYM"
2013,"NYM"
2012,"NYM"
2011,"NYM"
2010,"NYM"
2009,"NYM"
2008,"NYM"
2007,"NYM"
2006,"NYM"
2005,"NYM"
2004,"NYM"
2003,"NYM"
2002,"NYM"
2001,"NYM"
2000,"NYM"
1999,"NYM"
1998,"NYM"
1997,"NYM"
1996,"NYM"
1995,"NYM"
1994,"NYM"
1993,"NYM"
1992,"NYM"
1991,"NYM"
1990,"NYM"
1989,"NYM"
1988,"NYM"
1987,"NYM"
1986,"NYM"
1985,"NYM"
1984,"NYM"
1983,"NYM"
1982,"NYM"
1981,"NYM"
1980,"NYM"
1979,"NYM"
1978,"NYM"
1977,"NYM"
1976,"NYM"
1975,"NYM"
1974,"NYM"
1973,"NYM"
1972,"NYM"
1971,"NYM"
1970,"NYM"
1969,"NYM"
1968,"NYM"
1967,"NYM"
1966,"NYM"
1965,"NYM"
1964,"NYM"
1963,"NYM"
1962,"NYM"
2015,"PHI"
2014,"PHI"
2013,"PHI"
2012,"PHI"
2011,"PHI"
2010,"PHI"
2009,"PHI"
2008,"PHI"
2007,"PHI"
2006,"PHI"
2005,"PHI"
2004,"PHI"
2003,"PHI"
2002,"PHI"
2001,"PHI"
2000,"PHI"
1999,"PHI"
1998,"PHI"
1997,"PHI"
1996,"PHI"
1995,"PHI"
1994,"PHI"
1993,"PHI"
1992,"PHI"
1991,"PHI"
1990,"PHI"
1989,"PHI"
1988,"PHI"
1987,"PHI"
1986,"PHI"
1985,"PHI"
1984,"PHI"
1983,"PHI"
1982,"PHI"
1981,"PHI"
1980,"PHI"
1979,"PHI"
1978,"PHI"
1977,"PHI"
1976,"PHI"
1975,"PHI"
1974,"PHI"
1973,"PHI"
1972,"PHI"
1971,"PHI"
1970,"PHI"
1969,"PHI"
1968,"PHI"
1967,"PHI"
1966,"PHI"
1965,"PHI"
1964,"PHI"
1963,"PHI"
1962,"PHI"
1961,"PHI"
1960,"PHI"
1959,"PHI"
1958,"PHI"
1957,"PHI"
1956,"PHI"
1955,"PHI"
1954,"PHI"
1953,"PHI"
1952,"PHI"
1951,"PHI"
1950,"PHI"
1949,"PHI"
1948,"PHI"
1947,"PHI"
1946,"PHI"
1945,"PHI"
1944,"PHI"
1943,"PHI"
1942,"PHI"
1941,"PHI"
1940,"PHI"
1939,"PHI"
1938,"PHI"
1937,"PHI"
1936,"PHI"
1935,"PHI"
1934,"PHI"
1933,"PHI"
1932,"PHI"
1931,"PHI"
1930,"PHI"
1929,"PHI"
1928,"PHI"
1927,"PHI"
1926,"PHI"
1925,"PHI"
1924,"PHI"
1923,"PHI"
1922,"PHI"
1921,"PHI"
1920,"PHI"
1919,"PHI"
1918,"PHI"
1917,"PHI"
1916,"PHI"
1915,"PHI"
1914,"PHI"
1913,"PHI"
1912,"PHI"
1911,"PHI"
1910,"PHI"
1909,"PHI"
1908,"PHI"
1907,"PHI"
1906,"PHI"
1905,"PHI"
1904,"PHI"
1903,"PHI"
1902,"PHI"
1901,"PHI"
1900,"PHI"
1899,"PHI"
1898,"PHI"
1897,"PHI"
1896,"PHI"
1895,"PHI"
1894,"PHI"
1893,"PHI"
1892,"PHI"
1891,"PHI"
1890,"PHI"
1889,"PHI"
1888,"PHI"
1887,"PHI"
1886,"PHI"
1885,"PHI"
1884,"PHI"
1883,"PHI"
2015,"PIT"
2014,"PIT"
2013,"PIT"
2012,"PIT"
2011,"PIT"
2010,"PIT"
2009,"PIT"
2008,"PIT"
2007,"PIT"
2006,"PIT"
2005,"PIT"
2004,"PIT"
2003,"PIT"
2002,"PIT"
2001,"PIT"
2000,"PIT"
1999,"PIT"
1998,"PIT"
1997,"PIT"
1996,"PIT"
1995,"PIT"
1994,"PIT"
1993,"PIT"
1992,"PIT"
1991,"PIT"
1990,"PIT"
1989,"PIT"
1988,"PIT"
1987,"PIT"
1986,"PIT"
1985,"PIT"
1984,"PIT"
1983,"PIT"
1982,"PIT"
1981,"PIT"
1980,"PIT"
1979,"PIT"
1978,"PIT"
1977,"PIT"
1976,"PIT"
1975,"PIT"
1974,"PIT"
1973,"PIT"
1972,"PIT"
1971,"PIT"
1970,"PIT"
1969,"PIT"
1968,"PIT"
1967,"PIT"
1966,"PIT"
1965,"PIT"
1964,"PIT"
1963,"PIT"
1962,"PIT"
1961,"PIT"
1960,"PIT"
1959,"PIT"
1958,"PIT"
1957,"PIT"
1956,"PIT"
1955,"PIT"
1954,"PIT"
1953,"PIT"
1952,"PIT"
1951,"PIT"
1950,"PIT"
1949,"PIT"
1948,"PIT"
1947,"PIT"
1946,"PIT"
1945,"PIT"
1944,"PIT"
1943,"PIT"
1942,"PIT"
1941,"PIT"
1940,"PIT"
1939,"PIT"
1938,"PIT"
1937,"PIT"
1936,"PIT"
1935,"PIT"
1934,"PIT"
1933,"PIT"
1932,"PIT"
1931,"PIT"
1930,"PIT"
1929,"PIT"
1928,"PIT"
1927,"PIT"
1926,"PIT"
1925,"PIT"
1924,"PIT"
1923,"PIT"
1922,"PIT"
1921,"PIT"
1920,"PIT"
1919,"PIT"
1918,"PIT"
1917,"PIT"
1916,"PIT"
1915,"PIT"
1914,"PIT"
1913,"PIT"
1912,"PIT"
1911,"PIT"
1910,"PIT"
1909,"PIT"
1908,"PIT"
1907,"PIT"
1906,"PIT"
1905,"PIT"
1904,"PIT"
1903,"PIT"
1902,"PIT"
1901,"PIT"
1900,"PIT"
1899,"PIT"
1898,"PIT"
1897,"PIT"
1896,"PIT"
1895,"PIT"
1894,"PIT"
1893,"PIT"
1892,"PIT"
1891,"PIT"
1890,"PIT"
1889,"PIT"
1888,"PIT"
1887,"PIT"
1886,"PIT"
1885,"PIT"
1884,"PIT"
1883,"PIT"
1882,"PIT"
2015,"SDP"
2014,"SDP"
2013,"SDP"
2012,"SDP"
2011,"SDP"
2010,"SDP"
2009,"SDP"
2008,"SDP"
2007,"SDP"
2006,"SDP"
2005,"SDP"
2004,"SDP"
2003,"SDP"
2002,"SDP"
2001,"SDP"
2000,"SDP"
1999,"SDP"
1998,"SDP"
1997,"SDP"
1996,"SDP"
1995,"SDP"
1994,"SDP"
1993,"SDP"
1992,"SDP"
1991,"SDP"
1990,"SDP"
1989,"SDP"
1988,"SDP"
1987,"SDP"
1986,"SDP"
1985,"SDP"
1984,"SDP"
1983,"SDP"
1982,"SDP"
1981,"SDP"
1980,"SDP"
1979,"SDP"
1978,"SDP"
1977,"SDP"
1976,"SDP"
1975,"SDP"
1974,"SDP"
1973,"SDP"
1972,"SDP"
1971,"SDP"
1970,"SDP"
1969,"SDP"
2015,"SFG"
2014,"SFG"
2013,"SFG"
2012,"SFG"
2011,"SFG"
2010,"SFG"
2009,"SFG"
2008,"SFG"
2007,"SFG"
2006,"SFG"
2005,"SFG"
2004,"SFG"
2003,"SFG"
2002,"SFG"
2001,"SFG"
2000,"SFG"
1999,"SFG"
1998,"SFG"
1997,"SFG"
1996,"SFG"
1995,"SFG"
1994,"SFG"
1993,"SFG"
1992,"SFG"
1991,"SFG"
1990,"SFG"
1989,"SFG"
1988,"SFG"
1987,"SFG"
1986,"SFG"
1985,"SFG"
1984,"SFG"
1983,"SFG"
1982,"SFG"
1981,"SFG"
1980,"SFG"
1979,"SFG"
1978,"SFG"
1977,"SFG"
1976,"SFG"
1975,"SFG"
1974,"SFG"
1973,"SFG"
1972,"SFG"
1971,"SFG"
1970,"SFG"
1969,"SFG"
1968,"SFG"
1967,"SFG"
1966,"SFG"
1965,"SFG"
1964,"SFG"
1963,"SFG"
1962,"SFG"
1961,"SFG"
1960,"SFG"
1959,"SFG"
1958,"SFG"
1957,"NYG"
1956,"NYG"
1955,"NYG"
1954,"NYG"
1953,"NYG"
1952,"NYG"
1951,"NYG"
1950,"NYG"
1949,"NYG"
1948,"NYG"
1947,"NYG"
1946,"NYG"
1945,"NYG"
1944,"NYG"
1943,"NYG"
1942,"NYG"
1941,"NYG"
1940,"NYG"
1939,"NYG"
1938,"NYG"
1937,"NYG"
1936,"NYG"
1935,"NYG"
1934,"NYG"
1933,"NYG"
1932,"NYG"
1931,"NYG"
1930,"NYG"
1929,"NYG"
1928,"NYG"
1927,"NYG"
1926,"NYG"
1925,"NYG"
1924,"NYG"
1923,"NYG"
1922,"NYG"
1921,"NYG"
1920,"NYG"
1919,"NYG"
1918,"NYG"
1917,"NYG"
1916,"NYG"
1915,"NYG"
1914,"NYG"
1913,"NYG"
1912,"NYG"
1911,"NYG"
1910,"NYG"
1909,"NYG"
1908,"NYG"
1907,"NYG"
1906,"NYG"
1905,"NYG"
1904,"NYG"
1903,"NYG"
1902,"NYG"
1901,"NYG"
1900,"NYG"
1899,"NYG"
1898,"NYG"
1897,"NYG"
1896,"NYG"
1895,"NYG"
1894,"NYG"
1893,"NYG"
1892,"NYG"
1891,"NYG"
1890,"NYG"
1889,"NYG"
1888,"NYG"
1887,"NYG"
1886,"NYG"
1885,"NYG"
1884,"NYG"
1883,"NYG"
2015,"STL"
2014,"STL"
2013,"STL"
2012,"STL"
2011,"STL"
2010,"STL"
2009,"STL"
2008,"STL"
2007,"STL"
2006,"STL"
2005,"STL"
2004,"STL"
2003,"STL"
2002,"STL"
2001,"STL"
2000,"STL"
1999,"STL"
1998,"STL"
1997,"STL"
1996,"STL"
1995,"STL"
1994,"STL"
1993,"STL"
1992,"STL"
1991,"STL"
1990,"STL"
1989,"STL"
1988,"STL"
1987,"STL"
1986,"STL"
1985,"STL"
1984,"STL"
1983,"STL"
1982,"STL"
1981,"STL"
1980,"STL"
1979,"STL"
1978,"STL"
1977,"STL"
1976,"STL"
1975,"STL"
1974,"STL"
1973,"STL"
1972,"STL"
1971,"STL"
1970,"STL"
1969,"STL"
1968,"STL"
1967,"STL"
1966,"STL"
1965,"STL"
1964,"STL"
1963,"STL"
1962,"STL"
1961,"STL"
1960,"STL"
1959,"STL"
1958,"STL"
1957,"STL"
1956,"STL"
1955,"STL"
1954,"STL"
1953,"STL"
1952,"STL"
1951,"STL"
1950,"STL"
1949,"STL"
1948,"STL"
1947,"STL"
1946,"STL"
1945,"STL"
1944,"STL"
1943,"STL"
1942,"STL"
1941,"STL"
1940,"STL"
1939,"STL"
1938,"STL"
1937,"STL"
1936,"STL"
1935,"STL"
1934,"STL"
1933,"STL"
1932,"STL"
1931,"STL"
1930,"STL"
1929,"STL"
1928,"STL"
1927,"STL"
1926,"STL"
1925,"STL"
1924,"STL"
1923,"STL"
1922,"STL"
1921,"STL"
1920,"STL"
1919,"STL"
1918,"STL"
1917,"STL"
1916,"STL"
1915,"STL"
1914,"STL"
1913,"STL"
1912,"STL"
1911,"STL"
1910,"STL"
1909,"STL"
1908,"STL"
1907,"STL"
1906,"STL"
1905,"STL"
1904,"STL"
1903,"STL"
1902,"STL"
1901,"STL"
1900,"STL"
1899,"STL"
1898,"STL"
1897,"STL"
1896,"STL"
1895,"STL"
1894,"STL"
1893,"STL"
1892,"STL"
1891,"STL"
1890,"STL"
1889,"STL"
1888,"STL"
1887,"STL"
1886,"STL"
1885,"STL"
1884,"STL"
1883,"STL"
1882,"STL"
2015,"WSN"
2014,"WSN"
2013,"WSN"
2012,"WSN"
2011,"WSN"
2010,"WSN"
2009,"WSN"
2008,"WSN"
2007,"WSN"
2006,"WSN"
2005,"WSN"
2004,"MON"
2003,"MON"
2002,"MON"
2001,"MON"
2000,"MON"
1999,"MON"
1998,"MON"
1997,"MON"
1996,"MON"
1995,"MON"
1994,"MON"
1993,"MON"
1992,"MON"
1991,"MON"
1990,"MON"
1989,"MON"
1988,"MON"
1987,"MON"
1986,"MON"
1985,"MON"
1984,"MON"
1983,"MON"
1982,"MON"
1981,"MON"
1980,"MON"
1979,"MON"
1978,"MON"
1977,"MON"
1976,"MON"
1975,"MON"
1974,"MON"
1973,"MON"
1972,"MON"
1971,"MON"
1970,"MON"
1969,"MON"
